search_query,max results,title,channel,description,url
kid cartoon,50,Humpty Dumpty Grocery Store | CoComelon Nursery Rhymes &amp; Kids Songs,Cocomelon - Nursery Rhymes,Look at Humpty Dumpty bounce and roll! Nina goes on an epic chase after losing her plastic toy egg from the vending machine in ...,"{'kind': 'youtube#video', 'videoId': 'hxOApe1P9dM'}"
kid cartoon,50,Chris and Magic Faucet Adventure - Kids toy stories,Chris kids show,Chris and Magic Faucet Adventure - Kids toy stories 00:00 Chris and Magic Faucet Adventure - Kids toy stories 05:44 Chris is ...,"{'kind': 'youtube#video', 'videoId': 'S84fHUZdOGs'}"
kid cartoon,50,Spider Man and Magic Water #spiderrman #funny #shorts #animation #cartoon #cartoons,Super shorts ,animation #cartoon #cartoons #tomandjerry #kidsentertainment #funnycartoon #kids #kidsvideos #kidscartoon #cartoonsforkids ...,"{'kind': 'youtube#video', 'videoId': 'jnQr-PuFxZM'}"
kid cartoon,50,Vlad and Niki - Kids story about viruses | Stay healthy,Vlad and Niki,Chris shows how to wash your hands and keep them clean and how important it is! Kids defeat viruses. 00:00 Vlad and Niki - Kids ...,"{'kind': 'youtube#video', 'videoId': 'KFLDr8H4Em8'}"
kid cartoon,50,Oliver Inside the CARDBOARD House Challenge,‚úø Kids Diana Show,Oliver disobeys Mom and ends up in a cardboard house. Which is Better for Kids - Cardboard House vs REAL House? Find out ...,"{'kind': 'youtube#video', 'videoId': '21c1CrCZKOc'}"
kid cartoon,50,The Wheel on the Ambulance üöë  Cartoon Cars | Baby Shark Sing a Song | Nursery Rhymes &amp; Kids Songs,Wheel Craft City,"Join us for a fun and educational journey with Cartoon Cars, Baby Shark, and Nursery Rhymes! Sing along to the Wheels on the ...","{'kind': 'youtube#video', 'videoId': 'uaPH6lscXAA'}"
kid cartoon,50,Tom &amp; Jerry | Tom &amp; Jerry in Full Screen | Classic Cartoon Compilation | WB Kids,WB Kids,Did you know that there are only 25 classic Tom & Jerry episodes that were displayed in a widescreen CinemaScope from the ...,"{'kind': 'youtube#video', 'videoId': 't0Q2otsqC4I'}"
kid cartoon,50,George Loves Bubble Baths üêµ Curious George üêµ Kids Cartoon üêµ Kids Movies,Curious George Official,The Man with the Yellow Hat just can't figure out why George refuses to take a bath. Buy all the episodes of Curious George on ...,"{'kind': 'youtube#video', 'videoId': 'lHmPEalzFK0'}"
kid cartoon,50,Others:Animes are kid&#39;s cartoon  The Anime: #demonslayer #anime #ytshorts #Factorismm,AnimeEditzz,,"{'kind': 'youtube#video', 'videoId': 'g1dlldugZ7Y'}"
kid cartoon,50,Pea Pea Explore Black Pink Oreo Vending Machine üç© Cartoon For Kids üíñ Pea Pea World,PeaPea World,"Welcome back to Pea Pea world! Pea Pea is a happy, lovely boy who always loves to explore colorful life. In today's episode ""Pea ...","{'kind': 'youtube#video', 'videoId': 'gaRFLztmazA'}"
kid cartoon,50,Baby Shark + Wheels On the Bus song - Soccer ball shaped wheels - Baby Nursery Rhymes &amp; Kids Songs,SquareWheels TV,"Baby Shark + Wheels On the Bus song - Soccer ball shaped wheels - Baby Nursery Rhymes & Kids Songs five little ducks, animal ...","{'kind': 'youtube#video', 'videoId': 'qYaHoiUK0sc'}"
kid cartoon,50,Monster Police üßüüö® | Kids Songs &amp; Nursery Rhymes | Baby Blue,Minibus - Nursery Rhymes & Kids Songs,"Baby Blue will take your little ones on magical adventures with friendly monsters, thrilling challenges, and magical moments ...","{'kind': 'youtube#video', 'videoId': '8anZWMbSv5U'}"
kid cartoon,50,Cardboard SCHOOL Adventure for kids,‚úø Kids Diana Show,Fun adventures at Cardboard School with Roma and friends. 00:00 Cardboard School Adventure for kids 06:10 Magical School ...,"{'kind': 'youtube#video', 'videoId': '-5krrl0eiKc'}"
kid cartoon,50,Don&#39;t do this #short #shorts #shortvideo #memes,Skyworld Animation Studio,,"{'kind': 'youtube#video', 'videoId': 'tLZjL-dMH_g'}"
kid cartoon,50,Kids Learn - Why is Sky Blue?,BabyBillion,,"{'kind': 'youtube#video', 'videoId': 'P3XGtC2tg38'}"
kid cartoon,50,Bad Dreams Song | Popular Cartoon Kids Song &amp; Nursery Rhymes | Happy Tots,HappyTots - Nursery Rhymes and Kids Songs,baddreams #kidssongs #popularsong #scaryrhymesforkids #ghostsong #rhymes #nurseryrhymes #kidslearning #happytots Bad ...,"{'kind': 'youtube#video', 'videoId': 'V98hk-1ZaYU'}"
kid cartoon,50,Let&#39;s Share the Pizza | Sharing is Caring | Good Manners | Nursery Rhymes &amp; Kids Songs | BabyBus,BabyBus - Kids Songs and Cartoons,BabyBus Viewer Feedback Survey: https://forms.gle/AqmeRbBk6k4dARMt7 Sharing makes us happy! One for each of us!,"{'kind': 'youtube#video', 'videoId': 'aSLFDNmgeyQ'}"
kid cartoon,50,Happy Holi | ‡§π‡•à‡§™‡•ç‡§™‡•Ä ‡§π‡•ã‡§≤‡•Ä | holi 2022 | Nursery rhymes &amp; baby songs | Cartoon for kids | - Jugnu Kids,Jugnu Kids - Nursery Rhymes and Best Baby Songs,Happy Holi | ‡§π‡•à‡§™‡•ç‡§™‡•Ä ‡§π‡•ã‡§≤‡•Ä | holi 2022 | Nursery rhymes & baby songs | Cartoon for kids | - Jugnu Kids Nursery rhymes ...,"{'kind': 'youtube#video', 'videoId': '-EAS2pWyAZU'}"
kid cartoon,50,Good manner | Nursery Rhymes &amp; Toddlers Songs | NuNu Tv #childrensongs #toddlersongs #singalong,NuNu Tv - Nursery Rhymes ,Subscribe For New Kids Songs Every Week ‚ñª‚ñª https://www.youtube.com/c/NuNuTVNurseryRhymes?sub_confirmation=1 ...,"{'kind': 'youtube#video', 'videoId': 'fAM-llmD7ZY'}"
kid cartoon,50,Cars Finger Family Song + More Lalafun Nursery Rhymes &amp; Kids Songs,Lalafun - Nursery Rhymes,"Let's guess, who will win this colorful car race Finger Family Cars in red, blue, and pink! ‚ú® Lyrics: Red car, red car Where ...","{'kind': 'youtube#video', 'videoId': '7p3-XtWb1BA'}"
kid cartoon,50,Wheels On The Ambulance Kids Stories with Oliver and Mom,‚úø Kids Diana Show,Oliver and Mom play doctors and ride in ambulances to help children in need. The video teaches children to take care of their ...,"{'kind': 'youtube#video', 'videoId': 'QGm0YKp2gQc'}"
kid cartoon,50,Nastya and Friends learn about the dangers of sweets,Like Nastya,Kids end up in the hospital and learn about the dangers of eating too many sweets. This educational video is perfect for teaching ...,"{'kind': 'youtube#video', 'videoId': '6VlJX_hMupI'}"
kid cartoon,50,Rex Is Letting Him Sleep üòÇ #animatedshort #short #funny,Hero Twist,,"{'kind': 'youtube#video', 'videoId': 'FurvI1fea78'}"
kid cartoon,50,Rain Rain Go Away | Animal Version | Newborn Baby Songs &amp; Nursery Rhymes,Little LaLa's Nursery Rhymes,Sing along with us to the fun 'Rain Rain Go Away' song with cute animals who are waiting for sunny days! Rain Rain Go ...,"{'kind': 'youtube#video', 'videoId': 'd7sHFcthZJQ'}"
kid cartoon,50,Parents and Babies (Amanda the Adventurer Animation),FASH,Parents and Babies (Amanda the Adventurer Animation) #animation #amandatheadventurer #shorts #amanda Support me on ...,"{'kind': 'youtube#video', 'videoId': '09hwSS2vnQE'}"
kid cartoon,50,Spicy Food Fire Breath | Teen Titans Go! | Watch more on Cartoon Network #Shorts,Cartoon Network UK,Welcome to the official Cartoon Network UK YouTube channel! Get ready to laugh out loud and have loads of fun by subscribing ...,"{'kind': 'youtube#video', 'videoId': 'mslNQske1_k'}"
kid cartoon,50,Kids Show that Knowledge at School is the Most Important thing,‚úø Kids Diana Show,Kids show that knowledge at school is the most important thing. New Back to School Story 00:00 Kids show that knowledge at ...,"{'kind': 'youtube#video', 'videoId': '6TkpxQoNy50'}"
kid cartoon,50,Cardboard Cafe Adventure for kids!,Vlad and Niki,Kids play in Cardboard Cafe with cooking toys - Funny story for kids! 00:00 Cardboard Cafe Adventure for kids! 06:05 Chris and ...,"{'kind': 'youtube#video', 'videoId': 'XL_vOqvmzps'}"
kid cartoon,50,"When Baby Finally Sleeps, But We&#39;re Still Scrolling Through Their Photos Together #parentslife",LooLoo Kids - Nursery Rhymes and Children's Songs,"""That sweet moment when the baby's finally asleep, but we just can't help scrolling through all their cute photos together! Anyone ...","{'kind': 'youtube#video', 'videoId': 'bSXE3IIYgj4'}"
kid cartoon,50,Bingo | Nursery Rhymes &amp; Kids Songs | NuNu Tv #kindergartensong #babysongs #kidssongs #nurseryrhymes,NuNu Tv - Nursery Rhymes ,Subscribe For New Kids Songs Every Week ‚ñª‚ñª https://www.youtube.com/c/NuNuTVNurseryRhymes?sub_confirmation=1 ...,"{'kind': 'youtube#video', 'videoId': 'D-6bos_17e4'}"
kid cartoon,50,Where&#39;s Chicky? Funny Chicky 2023 | COMPILATION | Cartoon in English for Kids | New episodes,Where's Chicky? - Cartoon in English,Subscribe and discover new videos every week ‚Üí http://bit.ly/ChickyEN Welcome to Chicky's official YouTube channel! #Chicky ...,"{'kind': 'youtube#video', 'videoId': 'gSqCz4aiqSs'}"
kid cartoon,50,Gecko Gets Sick | Gecko&#39;s Garage | Trucks For Children | Cartoons For Kids | #shorts #shortforkids,Gecko's Garage - Trucks For Children,Subscribe to Gecko's channel here http://bit.ly/2tG89yG Gecko's Garage is a big truck cartoon series for children all about fixing ...,"{'kind': 'youtube#video', 'videoId': 'AQW57Ii8vRY'}"
kid cartoon,50,Surprise Eggs Transport Kids Songs | BabyBillion | Nursery Rhymes,BabyBillion Rhymes,Enjoy Eggs Surprise Transport Kids Songs video where kids are hitting the egg and new surprise Fruit is coming out of eggs.,"{'kind': 'youtube#video', 'videoId': 'ml4hh5Id8HM'}"
kid cartoon,50,The BIG Silly Crocodile | Animated Crocodile Story For Kids,Just For Kids,The Silly Crocodile grows BIG after eating lots of healthy foods but eating too much food can be unhealthy too. SUBSCRIBE for ...,"{'kind': 'youtube#video', 'videoId': 'CpXlvLOyBVI'}"
kid cartoon,50,Rainbow Ice Cream Song | Colors Song | Sing Along Songs | Nursery Rhymes &amp; Kids Song | BabyBus,BabyBus - Kids Songs and Cartoons,"Yummy Ice Cream Shop is open! Come and make rainbow ice cream, enjoy this fun colors song, and learn about Colors! Lyrics: I ...","{'kind': 'youtube#video', 'videoId': 'eIedEEK0ciM'}"
kid cartoon,50,Chase and Skye Rescue Missions and MORE - PAW Patrol - Cartoons for Kids,PAW Patrol Official & Friends,"In this PAW Patrol cartoon compilation for kids, two of your favorite pups team up! Chase and Skye look for Tracker in the jungle, ...","{'kind': 'youtube#video', 'videoId': 'z49MDlVGIfA'}"
kid cartoon,50,Turbozaurs - A Chance Meeting | WildBrain Bananas | Cartoons For Kids,WildBrain Bananas,"TURBOZAURS is a new animated TV series packed with excitement, adventure and fun. Realized in state-of-the-art CGI 3D ...","{'kind': 'youtube#video', 'videoId': 'UvJQJ_6d3yk'}"
kid cartoon,50,CGI Animated Short Film: &quot;Watermelon A Cautionary Tale&quot; by Kefei Li &amp; Connie Qin He | CGMeetup,CGMeetup,CGI 3D Animated Short Film: Watermelon A Cautionary Tale Animated Short Film by Kefei Li & Connie Qin He at Ringling College ...,"{'kind': 'youtube#video', 'videoId': 'lTxn2BuqyzU'}"
kid cartoon,50,Roma Diana and their sweetest stories for children,‚òÖ Kids Roma Show,Roma and Diana pretend to play with sweets. The sweetest stories for children from Diana and Roma Roma's Instagram: ...,"{'kind': 'youtube#video', 'videoId': 'FOVe6CUi9QQ'}"
kid cartoon,50,Margo and Froggy: A Game of Hide and Seek - Ep 7,Little Margo Stories,Creator: Parinaz Shajareh Animation Supervisor: Sianoosh Nasiriziba Lighting Supervisor: Pierrick Barbin Co-written by: ...,"{'kind': 'youtube#video', 'videoId': 'c5YdpZjW-dc'}"
kid cartoon,50,Monster in the Dark | Don&#39;t Be Afraid Of Monsters | GoBooBoo Kids Songs &amp; Nursery Rhymes,GoBooBoo - Nursery Rhymes,Monster in the Dark | Don't Be Afraid Of Monsters | GoBooBoo Kids Songs & Nursery Rhymes Subscribe for new videos every ...,"{'kind': 'youtube#video', 'videoId': 'AK7H0z6Dclk'}"
kid cartoon,50,ü¶ñü¶ï Your friend Tyrannosaurus Rex + More! | Dinosaur Cartoon | Pinkfong Dinosaurs for Kids,Pinkfong Dinosaurs for Kids,Rawrrr!! Hello friends. It's Tyrannosaurus Rex! Let me introduce my friends to you. Follow me! You're watching 'My friend ...,"{'kind': 'youtube#video', 'videoId': 'ayKCzl5xRh4'}"
kid cartoon,50,PAW Patrol Rescue Wheels Adventures! #7 w/ Chase üöó 2 Hours | Nick Jr.,Nick Jr.,"The PAW Patrol pups are ready for action in this Rescue Wheels 120 minute compilation! Which vehicle quests will Chase, Rocky, ...","{'kind': 'youtube#video', 'videoId': 'gbsgbcd_-2U'}"
kid cartoon,50,Oliver Rides a Tractor and Finds Lost Numbers,‚úø Kids Diana Show,"Oliver rides a tractor and finds lost numbers, learning to count to 5 along the way. This educational video is perfect for young ...","{'kind': 'youtube#video', 'videoId': 'BWISp5Thl7E'}"
kid cartoon,50,Not a very fatal fall #chicky | Chicky Cartoon in English for Kids,Where's Chicky? - Cartoon in English,Subscribe and discover new videos every week ‚Üí http://bit.ly/ChickyEN Welcome to Chicky's official YouTube channel! #Chicky ...,"{'kind': 'youtube#video', 'videoId': 'bOUSESgORbw'}"
kid cartoon,50,Balloon ü§£ Annoying kid funny animated cartoon video #reels #shorts #technoanimations,Techno Banana üçå,,"{'kind': 'youtube#video', 'videoId': 'rU1FX9nvJ7A'}"
kid cartoon,50,Circle Square &amp; Triangle | Nursery Rhymes for toddlers | NuNu Tv  #childrensongs #toddlersongs,NuNu Tv - Nursery Rhymes ,Subscribe For New Kids Songs Every Week ‚ñª‚ñª https://www.youtube.com/c/NuNuTVNurseryRhymes?sub_confirmation=1 ...,"{'kind': 'youtube#video', 'videoId': 'OSa2NBaFbZk'}"
kid cartoon,50,A Monster?! üò± | Jungle Beat: Munki &amp; Trunk | Full Episodes | Kids Cartoon 2024,Jungle Beat,"""   Subscribe for more videos: https://bit.ly/2OmVOZN Catch Jungle Beat on the Kids Street channel every Tuesdays ...","{'kind': 'youtube#video', 'videoId': 'M6gWY5lS9KU'}"
kid cartoon,50,Endangered Animals Part-1 #animalshorts #kidsshorts #kidslearning #elephant #animals #kidsfun #funny,ChuChu TV Nursery Rhymes & Kids Songs,Get the cute Baby Taku's Toy Bestie Plush at the ChuChu TV Store. It's great for cuddles and fun for your kids! Buy yours today!,"{'kind': 'youtube#video', 'videoId': 't4j8JWKGjVY'}"
kid cartoon,50,Baby &amp; Bingo | Nursery Rhymes &amp; Kids songs | NuNu Tv  #childrensongs #toddlersongs #singalong,NuNu Tv - Nursery Rhymes ,Subscribe For New Kids Songs Every Week ‚ñª‚ñª https://www.youtube.com/c/NuNuTVNurseryRhymes?sub_confirmation=1 ...,"{'kind': 'youtube#video', 'videoId': 'VvCYzHX_OZc'}"
